"","V1","V2","V3","V4","V5","Field Goals","Field Goals","Field Goals","Field Goals","Field Goals","2 Point Field Goals","2 Point Field Goals","2 Point Field Goals","2 Point Field Goals","3 Point Field Goals","3 Point Field Goals","3 Point Field Goals","3 Point Field Goals","Season"
"1","Player","Team","Age","GP","G","Freq","FGM","FGA","FG%","eFG%","2FG Freq","2FGM","2FGA","2FG%","3FG Freq","3PM","3PA","3P%","2021-2022"
"2","Giannis Antetokounmpo","MIL","27","12","12","100%","11.7","23.8","49.1","50.7","85.6%","10.9","20.3","53.7","14.4%","0.8","3.4","22.0","2021-2022"
"3","Luka Doncic","DAL","23","15","15","100%","10.7","23.5","45.5","52.7","58.0%","7.3","13.6","53.4","42.0%","3.4","9.9","34.5","2021-2022"
"4","Donovan Mitchell","UTA","25","6","6","100%","8.8","22.2","39.8","43.6","63.9%","7.2","14.2","50.6","36.1%","1.7","8.0","20.8","2021-2022"
"5","Nikola Jokic","DEN","27","5","5","100%","12.2","21.2","57.5","59.9","83.0%","11.2","17.6","63.6","17.0%","1.0","3.6","27.8","2021-2022"
"6","CJ McCollum","NOP","30","6","6","100%","8.2","20.8","39.2","46.0","59.2%","5.3","12.3","43.2","40.8%","2.8","8.5","33.3","2021-2022"
"7","Kevin Durant","BKN","33","4","4","100%","8.0","20.8","38.6","42.8","74.7%","6.3","15.5","40.3","25.3%","1.8","5.3","33.3","2021-2022"
"8","Ja Morant","MEM","22","9","9","100%","9.0","20.4","44.0","48.6","72.8%","7.1","14.9","47.8","27.2%","1.9","5.6","34.0","2021-2022"
"9","Stephen Curry","GSW","34","22","22","100%","9.2","20.0","45.9","56.3","48.0%","5.0","9.6","52.6","52.0%","4.1","10.4","39.7","2021-2022"
"10","Brandon Ingram","NOP","24","6","6","100%","9.3","19.7","47.5","52.1","77.1%","7.5","15.2","49.5","22.9%","1.8","4.5","40.7","2021-2022"
"11","Jayson Tatum","BOS","24","24","24","100%","8.4","19.7","42.6","50.7","58.5%","5.2","11.5","44.9","41.5%","3.2","8.2","39.3","2021-2022"
"12","Jrue Holiday","MIL","32","12","12","100%","7.4","19.6","37.9","43.2","66.4%","5.3","13.0","41.0","33.6%","2.1","6.6","31.6","2021-2022"
"13","Jimmy Butler","MIA","32","17","17","100%","9.8","19.3","50.6","54.1","79.3%","8.4","15.3","55.0","20.7%","1.4","4.0","33.8","2021-2022"
"14","DeMar DeRozan","CHI","32","5","5","100%","7.8","19.0","41.1","41.1","90.5%","7.8","17.2","45.3","9.5%","0.0","1.8","0.0","2021-2022"
"15","Anthony Edwards","MIN","20","6","6","100%","8.3","18.3","45.5","55.9","48.2%","4.5","8.8","50.9","51.8%","3.8","9.5","40.4","2021-2022"
"16","Nikola Vucevic","CHI","31","5","5","100%","8.0","18.2","44.0","51.1","53.8%","5.4","9.8","55.1","46.2%","2.6","8.4","31.0","2021-2022"
"17","Pascal Siakam","TOR","28","6","6","100%","8.5","17.8","47.7","49.5","84.1%","7.8","15.0","52.2","15.9%","0.7","2.8","23.5","2021-2022"
"18","Devin Booker","PHX","25","10","10","100%","7.9","17.5","45.1","53.1","62.9%","5.1","11.0","46.4","37.1%","2.8","6.5","43.1","2021-2022"
"19","Jaylen Brown","BOS","25","24","24","100%","8.2","17.5","47.0","54.2","61.6%","5.7","10.8","53.1","38.4%","2.5","6.7","37.3","2021-2022"
"20","Jalen Brunson","DAL","25","18","18","100%","8.1","17.3","46.6","50.8","75.9%","6.6","13.1","50.4","24.1%","1.4","4.2","34.7","2021-2022"
"21","Klay Thompson","GSW","32","22","22","100%","7.1","16.6","42.9","53.4","45.4%","3.6","7.5","48.2","54.6%","3.5","9.1","38.5","2021-2022"
"22","Joel Embiid","PHI","28","10","10","100%","7.8","16.1","48.4","50.6","79.5%","7.1","12.8","55.5","20.5%","0.7","3.3","21.2","2021-2022"
"23","Kyrie Irving","BKN","30","4","4","100%","7.0","15.8","44.4","50.8","66.7%","5.0","10.5","47.6","33.3%","2.0","5.3","38.1","2021-2022"
"24","Zach LaVine","CHI","27","4","4","100%","6.8","15.8","42.9","50.0","61.9%","4.5","9.8","46.2","38.1%","2.3","6.0","37.5","2021-2022"
"25","Dillon Brooks","MEM","26","11","11","100%","5.5","15.6","34.9","42.2","58.1%","3.2","9.1","35.0","41.9%","2.3","6.5","34.7","2021-2022"
"26","Tyrese Maxey","PHI","21","12","12","100%","7.3","15.2","48.4","55.5","62.1%","5.2","9.4","54.9","37.9%","2.2","5.8","37.7","2021-2022"
"27","De'Andre Hunter","ATL","24","5","5","100%","7.8","14.0","55.7","64.3","62.9%","5.4","8.8","61.4","37.1%","2.4","5.2","46.2","2021-2022"
"28","Andrew Wiggins","GSW","27","22","22","100%","6.5","13.9","46.9","52.6","65.6%","4.9","9.1","54.0","34.4%","1.6","4.8","33.3","2021-2022"
"29","Trae Young","ATL","23","5","5","100%","4.4","13.8","31.9","37.0","44.9%","3.0","6.2","48.4","55.1%","1.4","7.6","18.4","2021-2022"
"30","OG Anunoby","TOR","24","6","6","100%","6.5","13.7","47.6","56.1","50.0%","4.2","6.8","61.0","50.0%","2.3","6.8","34.1","2021-2022"
"31","Gary Trent Jr.","TOR","23","6","6","100%","5.2","13.7","37.8","45.7","52.4%","3.0","7.2","41.9","47.6%","2.2","6.5","33.3","2021-2022"
"32","Tobias Harris","PHI","29","12","12","100%","6.8","13.5","50.0","56.8","64.8%","4.9","8.8","56.2","35.2%","1.8","4.8","38.6","2021-2022"
"33","Bojan Bogdanovic","UTA","33","6","6","100%","6.5","13.5","48.1","54.9","59.3%","4.7","8.0","58.3","40.7%","1.8","5.5","33.3","2021-2022"
"34","Fred VanVleet","TOR","28","4","4","100%","4.8","13.5","35.2","46.3","33.3%","1.8","4.5","38.9","66.7%","3.0","9.0","33.3","2021-2022"
"35","Karl-Anthony Towns","MIN","26","6","6","100%","6.5","13.3","48.8","55.0","72.5%","4.8","9.7","50.0","27.5%","1.7","3.7","45.5","2021-2022"
"36","Desmond Bane","MEM","24","12","12","100%","6.3","13.3","47.5","60.9","44.4%","2.8","5.9","46.5","55.6%","3.6","7.4","48.3","2021-2022"
"37","Marcus Smart","BOS","28","21","21","100%","5.4","13.3","40.5","49.1","50.9%","3.1","6.8","45.8","49.1%","2.3","6.5","35.0","2021-2022"
"38","Will Barton","DEN","31","5","5","100%","5.4","13.2","40.9","49.2","57.6%","3.2","7.6","42.1","42.4%","2.2","5.6","39.3","2021-2022"
"39","James Harden","PHI","32","12","12","100%","5.3","13.2","40.5","49.4","51.9%","3.0","6.8","43.9","48.1%","2.3","6.3","36.8","2021-2022"
"40","Jaren Jackson Jr.","MEM","22","12","12","100%","4.9","13.0","37.8","46.5","53.8%","2.7","7.0","38.1","46.2%","2.3","6.0","37.5","2021-2022"
"41","Deandre Ayton","PHX","23","13","13","100%","8.1","12.6","64.0","64.6","97.6%","7.9","12.3","64.4","2.4%","0.1","0.3","50.0","2021-2022"
"42","Bogdan Bogdanovic","ATL","29","4","4","100%","5.0","12.3","40.8","50.0","46.9%","2.8","5.8","47.8","53.1%","2.3","6.5","34.6","2021-2022"
"43","Jordan Clarkson","UTA","30","6","6","100%","6.7","12.2","54.8","61.0","67.1%","5.2","8.2","63.3","32.9%","1.5","4.0","37.5","2021-2022"
"44","Tyler Herro","MIA","22","15","15","100%","4.9","12.1","40.9","45.3","61.3%","3.9","7.4","52.3","38.7%","1.1","4.7","22.9","2021-2022"
"45","Khris Middleton","MIL","30","2","2","100%","5.0","12.0","41.7","54.2","41.7%","2.0","5.0","40.0","58.3%","3.0","7.0","42.9","2021-2022"
"46","D'Angelo Russell","MIN","26","6","6","100%","4.0","12.0","33.3","41.7","56.9%","2.0","6.8","29.3","43.1%","2.0","5.2","38.7","2021-2022"
"47","Chris Paul","PHX","37","13","13","100%","6.7","11.9","56.1","62.3","68.4%","5.2","8.2","64.2","31.6%","1.5","3.8","38.8","2021-2022"
"48","Jordan Poole","GSW","23","22","22","100%","5.9","11.6","50.8","60.6","49.6%","3.6","5.7","62.7","50.4%","2.3","5.8","39.1","2021-2022"
"49","Jonas Valanciunas","NOP","30","6","6","100%","5.5","11.3","48.5","49.3","91.2%","5.3","10.3","51.6","8.8%","0.2","1.0","16.7","2021-2022"
"50","Aaron Gordon","DEN","26","5","5","100%","4.6","10.8","42.6","45.4","72.2%","4.0","7.8","51.3","27.8%","0.6","3.0","20.0","2021-2022"
"51","Spencer Dinwiddie","DAL","29","18","18","100%","4.4","10.7","41.7","52.1","50.0%","2.2","5.3","41.7","50.0%","2.2","5.3","41.7","2021-2022"
"52","Player","Team","Age","GP","G","Freq","FGM","FGA","FG%","eFG%","2FG Freq","2FGM","2FGA","2FG%","3FG Freq","3PM","3PA","3P%","2020-2021"
"53","Nikola Jokic","DEN","26","10","10","100%","11.6","22.8","50.9","55.3","76.8%","9.6","17.5","54.9","23.2%","2.0","5.3","37.7","2020-2021"
"54","Julius Randle","NYK","26","5","5","100%","5.6","18.8","29.8","35.6","64.9%","3.4","12.2","27.9","35.1%","2.2","6.6","33.3","2020-2021"
"55","Joel Embiid","PHI","27","11","11","100%","9.2","17.9","51.3","55.3","79.2%","7.7","14.2","54.5","20.8%","1.4","3.7","39.0","2020-2021"
"56","Bam Adebayo","MIA","23","4","4","100%","6.5","14.3","45.6","45.6","100%","6.5","14.3","45.6","0.0%","0.0","0.0","-","2020-2021"
"57","Anthony Davis","LAL","28","5","4","100%","5.0","12.4","40.3","41.9","82.3%","4.6","10.2","45.1","17.7%","0.4","2.2","18.2","2020-2021"
"58","Jonas Valanciunas","MEM","29","5","5","100%","6.6","11.6","56.9","58.6","86.2%","6.2","10.0","62.0","13.8%","0.4","1.6","25.0","2020-2021"
"59","Jaren Jackson Jr.","MEM","21","5","5","100%","4.6","10.8","42.6","50.0","48.1%","3.0","5.2","57.7","51.9%","1.6","5.6","28.6","2020-2021"
"60","Deandre Ayton","PHX","22","22","22","100%","7.0","10.6","65.8","65.8","100%","7.0","10.6","65.8","0.0%","0.0","0.0","-","2020-2021"
"61","Kristaps Porzingis","DAL","25","7","7","100%","4.9","10.3","47.2","52.8","62.5%","3.7","6.4","57.8","37.5%","1.1","3.9","29.6","2020-2021"
"62","John Collins","ATL","23","18","18","100%","5.6","10.1","54.9","60.4","69.2%","4.4","7.0","63.5","30.8%","1.1","3.1","35.7","2020-2021"
"63","Boban Marjanovic","DAL","32","4","4","100%","5.0","9.8","51.3","51.3","100%","5.0","9.8","51.3","0.0%","0.0","0.0","-","2020-2021"
"64","Brook Lopez","MIL","33","23","23","100%","5.2","9.4","54.8","60.1","66.8%","4.2","6.3","66.2","33.2%","1.0","3.1","31.9","2020-2021"
"65","Jusuf Nurkic","POR","26","6","6","100%","5.0","9.2","54.5","55.5","90.9%","4.8","8.3","58.0","9.1%","0.2","0.8","20.0","2020-2021"
"66","Clint Capela","ATL","27","18","18","100%","4.6","7.6","60.3","60.3","100%","4.6","7.6","60.3","0.0%","0.0","0.0","-","2020-2021"
"67","Rudy Gobert","UTA","29","11","11","100%","5.5","7.4","74.1","74.1","98.8%","5.5","7.3","75.0","1.2%","0.0","0.1","0.0","2020-2021"
"68","Tristan Thompson","BOS","30","5","5","100%","4.0","6.8","58.8","58.8","100%","4.0","6.8","58.8","0.0%","0.0","0.0","-","2020-2021"
"69","Andre Drummond","LAL","27","5","5","100%","3.8","6.4","59.4","59.4","100%","3.8","6.4","59.4","0.0%","0.0","0.0","-","2020-2021"
"70","DeMarcus Cousins","LAC","30","7","6","100%","2.7","6.0","45.2","50.0","76.2%","2.1","4.6","46.9","23.8%","0.6","1.4","40.0","2020-2021"
"71","Daniel Gafford","WAS","22","5","5","100%","4.4","5.2","84.6","84.6","100%","4.4","5.2","84.6","0.0%","0.0","0.0","-","2020-2021"
"72","Robin Lopez","WAS","33","5","5","100%","3.6","5.0","72.0","72.0","100%","3.6","5.0","72.0","0.0%","0.0","0.0","-","2020-2021"
"73","Robert Williams III","BOS","23","3","2","100%","3.0","4.7","64.3","64.3","100%","3.0","4.7","64.3","0.0%","0.0","0.0","-","2020-2021"
"74","Dewayne Dedmon","MIA","31","4","4","100%","2.5","4.5","55.6","58.3","83.3%","2.3","3.8","60.0","16.7%","0.3","0.8","33.3","2020-2021"
"75","JaMychal Green","DEN","31","10","10","100%","2.0","4.5","44.4","51.1","55.6%","1.4","2.5","56.0","44.4%","0.6","2.0","30.0","2020-2021"
"76","Montrezl Harrell","LAL","27","4","3","100%","2.0","3.5","57.1","57.1","100%","2.0","3.5","57.1","0.0%","0.0","0.0","-","2020-2021"
"77","Ivica Zubac","LAC","24","17","14","100%","2.0","3.4","59.6","59.6","100%","2.0","3.4","59.6","0.0%","0.0","0.0","-","2020-2021"
"78","Dario Saric","PHX","27","14","14","100%","1.5","3.2","46.7","55.6","60.0%","0.9","1.9","48.1","40.0%","0.6","1.3","44.4","2020-2021"
"79","Alex Len","WAS","28","5","3","100%","1.6","2.8","57.1","57.1","100%","1.6","2.8","57.1","0.0%","0.0","0.0","-","2020-2021"
"80","Marc Gasol","LAL","36","5","5","100%","1.6","2.6","61.5","88.5","15.4%","0.2","0.4","50.0","84.6%","1.4","2.2","63.6","2020-2021"
"81","Reggie Perry","BKN","21","5","4","100%","1.4","2.6","53.8","61.5","61.5%","1.0","1.6","62.5","38.5%","0.4","1.0","40.0","2020-2021"
"82","Dwight Howard","PHI","35","12","12","100%","1.3","2.5","53.3","53.3","96.7%","1.3","2.4","55.2","3.3%","0.0","0.1","0.0","2020-2021"
"83","JaVale McGee","DEN","33","4","3","100%","0.8","2.5","30.0","30.0","80.0%","0.8","2.0","37.5","20.0%","0.0","0.5","0.0","2020-2021"
"84","Nic Claxton","BKN","22","12","8","100%","1.2","2.4","48.3","48.3","100%","1.2","2.4","48.3","0.0%","0.0","0.0","-","2020-2021"
"85","Frank Kaminsky","PHX","28","10","8","100%","1.0","2.2","45.5","47.7","77.3%","0.9","1.7","52.9","22.7%","0.1","0.5","20.0","2020-2021"
"86","Nerlens Noel","NYK","27","5","4","100%","1.0","2.0","50.0","50.0","100%","1.0","2.0","50.0","0.0%","0.0","0.0","-","2020-2021"
"87","Onyeka Okongwu","ATL","20","18","14","100%","0.9","1.7","54.8","54.8","96.8%","0.9","1.7","56.7","3.2%","0.0","0.1","0.0","2020-2021"
"88","Zeke Nnaji","DEN","20","5","5","100%","0.8","1.6","50.0","68.8","12.5%","0.2","0.2","100","87.5%","0.6","1.4","42.9","2020-2021"
"89","Enes Freedom","POR","29","5","4","100%","0.8","1.6","50.0","50.0","100%","0.8","1.6","50.0","0.0%","0.0","0.0","-","2020-2021"
"90","Willie Cauley-Stein","DAL","27","6","5","100%","1.0","1.5","66.7","66.7","100%","1.0","1.5","66.7","0.0%","0.0","0.0","-","2020-2021"
"91","Nathan Knight","ATL","23","6","5","100%","0.3","1.2","28.6","28.6","71.4%","0.3","0.8","40.0","28.6%","0.0","0.3","0.0","2020-2021"
"92","Dwight Powell","DAL","29","7","4","100%","1.0","1.1","87.5","87.5","100%","1.0","1.1","87.5","0.0%","0.0","0.0","-","2020-2021"
"93","Harry Giles III","POR","23","1","1","100%","0.0","1.0","0.0","0.0","100%","0.0","1.0","0.0","0.0%","0.0","0.0","-","2020-2021"
"94","Jalen Smith","PHX","21","6","3","100%","0.3","0.7","50.0","62.5","75.0%","0.2","0.5","33.3","25.0%","0.2","0.2","100","2020-2021"
"95","Daniel Oturu","LAC","21","8","5","100%","0.3","0.6","40.0","40.0","80.0%","0.3","0.5","50.0","20.0%","0.0","0.1","0.0","2020-2021"
"96","Luke Kornet","BOS","25","2","1","100%","0.5","0.5","100","100","100%","0.5","0.5","100","0.0%","0.0","0.0","-","2020-2021"
"97","Bruno Fernando","ATL","22","6","3","100%","0.3","0.5","66.7","66.7","100%","0.3","0.5","66.7","0.0%","0.0","0.0","-","2020-2021"
"98","Bol Bol","DEN","21","3","1","100%","0.0","0.3","0.0","0.0","0.0%","0.0","0.0","-","100%","0.0","0.3","0.0","2020-2021"
"99","Player","Team","Age","GP","G","Freq","FGM","FGA","FG%","eFG%","2FG Freq","2FGM","2FGA","2FG%","3FG Freq","3PM","3PA","3P%","2019-2020"
"100","Nikola Vucevic","ORL","29","5","5","100%","11.2","22.2","50.5","58.6","60.4%","7.6","13.4","56.7","39.6%","3.6","8.8","40.9","2019-2020"
"101","Joel Embiid","PHI","26","4","4","100%","8.5","18.5","45.9","48.6","78.4%","7.5","14.5","51.7","21.6%","1.0","4.0","25.0","2019-2020"
"102","Nikola Jokic","DEN","25","19","19","100%","9.4","18.0","52.0","58.2","71.3%","7.2","12.8","55.7","28.7%","2.2","5.2","42.9","2019-2020"
"103","Anthony Davis","LAL","27","21","21","100%","9.6","16.8","56.9","60.2","83.0%","8.5","13.9","60.8","17.0%","1.1","2.9","38.3","2019-2020"
"104","Kristaps Porzingis","DAL","24","3","3","100%","7.0","13.3","52.5","63.8","57.5%","4.0","7.7","52.2","42.5%","3.0","5.7","52.9","2019-2020"
"105","Bam Adebayo","MIA","22","19","19","100%","6.5","11.4","56.7","56.7","99.5%","6.5","11.4","56.9","0.5%","0.0","0.1","0.0","2019-2020"
"106","Brook Lopez","MIL","32","10","10","100%","6.1","11.4","53.5","62.7","53.5%","4.0","6.1","65.6","46.5%","2.1","5.3","39.6","2019-2020"
"107","Jusuf Nurkic","POR","25","5","5","100%","5.0","11.4","43.9","46.5","80.7%","4.4","9.2","47.8","19.3%","0.6","2.2","27.3","2019-2020"
"108","Myles Turner","IND","24","4","4","100%","6.3","11.0","56.8","63.6","68.2%","4.8","7.5","63.3","31.8%","1.5","3.5","42.9","2019-2020"
"109","Rudy Gobert","UTA","28","7","7","100%","6.9","10.6","64.9","64.9","100%","6.9","10.6","64.9","0.0%","0.0","0.0","-","2019-2020"
"110","Steven Adams","OKC","26","7","7","100%","4.4","7.4","59.6","59.6","98.1%","4.4","7.3","60.8","1.9%","0.0","0.1","0.0","2019-2020"
"111","Daniel Theis","BOS","28","17","17","100%","3.6","6.9","52.1","53.8","77.8%","3.4","5.3","62.6","22.2%","0.2","1.5","15.4","2019-2020"
"112","Montrezl Harrell","LAC","26","13","13","100%","3.6","6.3","57.3","57.9","93.9%","3.5","5.9","59.7","6.1%","0.1","0.4","20.0","2019-2020"
"113","Al Horford","PHI","34","4","4","100%","3.0","6.3","48.0","48.0","84.0%","3.0","5.3","57.1","16.0%","0.0","1.0","0.0","2019-2020"
"114","Jarrett Allen","BKN","22","4","3","100%","3.5","6.0","58.3","58.3","100%","3.5","6.0","58.3","0.0%","0.0","0.0","-","2019-2020"
"115","Ivica Zubac","LAC","23","13","13","100%","3.4","6.0","56.4","56.4","100%","3.4","6.0","56.4","0.0%","0.0","0.0","-","2019-2020"
"116","Marc Gasol","TOR","35","11","11","100%","2.3","5.8","39.1","43.0","57.8%","1.8","3.4","54.1","42.2%","0.5","2.5","18.5","2019-2020"
"117","Kelly Olynyk","MIA","29","17","17","100%","2.6","5.6","47.4","56.3","48.4%","1.6","2.7","60.9","51.6%","1.0","2.9","34.7","2019-2020"
"118","Boban Marjanovic","DAL","31","6","6","100%","2.8","5.0","56.7","56.7","96.7%","2.8","4.8","58.6","3.3%","0.0","0.2","0.0","2019-2020"
"119","Hassan Whiteside","POR","31","5","5","100%","2.6","4.8","54.2","56.3","95.8%","2.4","4.6","52.2","4.2%","0.2","0.2","100","2019-2020"
"120","JaMychal Green","LAC","30","13","13","100%","2.4","4.2","56.4","65.5","58.2%","1.6","2.5","65.6","41.8%","0.8","1.8","43.5","2019-2020"
"121","Enes Freedom","BOS","28","11","10","100%","2.0","3.8","52.4","53.6","97.6%","1.9","3.7","51.2","2.4%","0.1","0.1","100","2019-2020"
"122","Dwight Howard","LAL","34","18","16","100%","2.2","3.2","68.4","69.3","96.5%","2.1","3.1","69.1","3.5%","0.1","0.1","50.0","2019-2020"
"123","Khem Birch","ORL","27","5","5","100%","1.4","2.8","50.0","50.0","100%","1.4","2.8","50.0","0.0%","0.0","0.0","-","2019-2020"
"124","Meyers Leonard","MIA","28","3","3","100%","1.7","2.7","62.5","75.0","50.0%","1.0","1.3","75.0","50.0%","0.7","1.3","50.0","2019-2020"
"125","Nerlens Noel","OKC","26","7","6","100%","1.1","2.4","47.1","47.1","94.1%","1.1","2.3","50.0","5.9%","0.0","0.1","0.0","2019-2020"
"126","Robert Williams III","BOS","22","13","11","100%","1.8","2.4","74.2","74.2","96.8%","1.8","2.3","76.7","3.2%","0.0","0.1","0.0","2019-2020"
"127","JaVale McGee","LAL","32","14","12","100%","1.4","2.3","62.5","62.5","93.8%","1.4","2.1","66.7","6.3%","0.0","0.1","0.0","2019-2020"
"128","Bol Bol","DEN","20","4","3","100%","1.3","2.3","55.6","66.7","66.7%","0.8","1.5","50.0","33.3%","0.5","0.8","66.7","2019-2020"
"129","Mason Plumlee","DEN","30","19","15","100%","1.0","2.0","48.7","48.7","97.4%","1.0","2.0","50.0","2.6%","0.0","0.1","0.0","2019-2020"
"130","Chris Boucher","TOR","27","7","5","100%","0.4","1.6","27.3","36.4","54.5%","0.1","0.9","16.7","45.5%","0.3","0.7","40.0","2019-2020"
"131","Tony Bradley","UTA","22","6","6","100%","0.3","1.5","22.2","22.2","100%","0.3","1.5","22.2","0.0%","0.0","0.0","-","2019-2020"
"132","Robin Lopez","MIL","32","3","3","100%","1.0","1.3","75.0","75.0","100%","1.0","1.3","75.0","0.0%","0.0","0.0","-","2019-2020"
"133","Mike Muscala","OKC","28","2","2","100%","0.5","1.0","50.0","75.0","50.0%","0.0","0.5","0.0","50.0%","0.5","0.5","100","2019-2020"
"134","Tacko Fall","BOS","24","2","1","100%","0.5","0.5","100","100","100%","0.5","0.5","100","0.0%","0.0","0.0","-","2019-2020"
"135","Player","Team","Age","GP","G","Freq","FGM","FGA","FG%","eFG%","2FG Freq","2FGM","2FGA","2FG%","3FG Freq","3PM","3PA","3P%","2018-2019"
"136","Nikola Jokic","DEN","24","14","14","100%","9.0","17.9","50.4","54.8","77.6%","7.4","13.9","53.6","22.4%","1.6","4.0","39.3","2018-2019"
"137","LaMarcus Aldridge","SAS","33","7","7","100%","7.9","17.1","45.8","47.1","90.8%","7.4","15.6","47.7","9.2%","0.4","1.6","27.3","2018-2019"
"138","Joel Embiid","PHI","25","11","11","100%","6.2","14.4","42.8","46.5","75.5%","5.1","10.9","46.7","24.5%","1.1","3.5","30.8","2018-2019"
"139","Andre Drummond","DET","25","4","4","100%","6.0","13.5","44.4","44.4","98.1%","6.0","13.3","45.3","1.9%","0.0","0.3","0.0","2018-2019"
"140","Al Horford","BOS","33","9","9","100%","5.1","12.2","41.8","50.0","60.0%","3.1","7.3","42.4","40.0%","2.0","4.9","40.9","2018-2019"
"141","Nikola Vucevic","ORL","28","5","5","100%","4.2","11.6","36.2","38.8","77.6%","3.6","9.0","40.0","22.4%","0.6","2.6","23.1","2018-2019"
"142","Montrezl Harrell","LAC","25","6","6","100%","7.7","10.5","73.0","73.0","98.4%","7.7","10.3","74.2","1.6%","0.0","0.2","0.0","2018-2019"
"143","Brook Lopez","MIL","31","15","15","100%","4.1","8.9","45.9","54.1","43.6%","2.6","3.9","67.2","56.4%","1.5","5.0","29.3","2018-2019"
"144","Myles Turner","IND","23","4","4","100%","3.5","8.8","40.0","44.3","60.0%","2.8","5.3","52.4","40.0%","0.8","3.5","21.4","2018-2019"
"145","Enes Freedom","POR","27","16","16","100%","4.6","8.6","53.3","53.6","97.1%","4.5","8.3","54.1","2.9%","0.1","0.3","25.0","2018-2019"
"146","Steven Adams","OKC","25","5","5","100%","5.6","8.4","66.7","66.7","97.6%","5.6","8.2","68.3","2.4%","0.0","0.2","0.0","2018-2019"
"147","Serge Ibaka","TOR","29","24","24","100%","3.8","8.0","47.6","50.0","80.1%","3.4","6.4","53.6","19.9%","0.4","1.6","23.7","2018-2019"
"148","Marc Gasol","TOR","34","24","24","100%","3.2","7.5","42.5","52.0","50.8%","1.8","3.8","46.2","49.2%","1.4","3.7","38.6","2018-2019"
"149","Clint Capela","HOU","25","11","11","100%","4.0","7.3","55.0","55.0","100%","4.0","7.3","55.0","0.0%","0.0","0.0","-","2018-2019"
"150","Derrick Favors","UTA","27","5","5","100%","4.6","7.2","63.9","63.9","91.7%","4.6","6.6","69.7","8.3%","0.0","0.6","0.0","2018-2019"
"151","DeMarcus Cousins","GSW","28","8","8","100%","2.6","6.6","39.6","42.5","77.4%","2.3","5.1","43.9","22.6%","0.4","1.5","25.0","2018-2019"
"152","Jarrett Allen","BKN","21","5","5","100%","3.8","6.4","59.4","59.4","100%","3.8","6.4","59.4","0.0%","0.0","0.0","-","2018-2019"
"153","Rudy Gobert","UTA","27","5","5","100%","3.8","6.4","59.4","59.4","100%","3.8","6.4","59.4","0.0%","0.0","0.0","-","2018-2019"
"154","Meyers Leonard","POR","27","11","11","100%","3.1","5.9","52.3","63.1","49.2%","1.8","2.9","62.5","50.8%","1.3","3.0","42.4","2018-2019"
"155","Jakob Poeltl","SAS","23","7","7","100%","3.3","5.1","63.9","63.9","97.2%","3.3","5.0","65.7","2.8%","0.0","0.1","0.0","2018-2019"
"156","Zach Collins","POR","21","16","15","100%","2.6","5.0","51.3","55.6","73.8%","2.1","3.7","57.6","26.3%","0.4","1.3","33.3","2018-2019"
"157","Ivica Zubac","LAC","22","4","4","100%","2.3","4.5","50.0","50.0","100%","2.3","4.5","50.0","0.0%","0.0","0.0","-","2018-2019"
"158","Kevon Looney","GSW","23","21","20","100%","3.0","4.4","68.8","68.8","100%","3.0","4.4","68.8","0.0%","0.0","0.0","-","2018-2019"
"159","Nerlens Noel","OKC","25","5","5","100%","2.4","4.0","60.0","60.0","100%","2.4","4.0","60.0","0.0%","0.0","0.0","-","2018-2019"
"160","Greg Monroe","PHI","29","10","9","100%","1.6","4.0","40.0","41.3","90.0%","1.5","3.6","41.7","10.0%","0.1","0.4","25.0","2018-2019"
"161","Boban Marjanovic","PHI","30","11","7","100%","2.2","3.6","60.0","60.0","92.5%","2.2","3.4","64.9","7.5%","0.0","0.3","0.0","2018-2019"
"162","Khem Birch","ORL","26","5","4","100%","2.0","3.6","55.6","55.6","100%","2.0","3.6","55.6","0.0%","0.0","0.0","-","2018-2019"
"163","Ed Davis","BKN","30","3","3","100%","2.3","3.3","70.0","70.0","100%","2.3","3.3","70.0","0.0%","0.0","0.0","-","2018-2019"
"164","Mason Plumlee","DEN","29","14","14","100%","1.7","3.3","52.2","52.2","97.8%","1.7","3.2","53.3","2.2%","0.0","0.1","0.0","2018-2019"
"165","Zaza Pachulia","DET","35","2","1","100%","1.0","3.0","33.3","33.3","100%","1.0","3.0","33.3","0.0%","0.0","0.0","-","2018-2019"
"166","Kenneth Faried","HOU","29","6","6","100%","1.5","2.2","69.2","73.1","92.3%","1.3","2.0","66.7","7.7%","0.2","0.2","100","2018-2019"
"167","Donatas Motiejunas","SAS","28","5","4","100%","1.2","2.0","60.0","60.0","90.0%","1.2","1.8","66.7","10.0%","0.0","0.2","0.0","2018-2019"
"168","Andrew Bogut","GSW","34","19","14","100%","1.3","1.9","64.9","64.9","100%","1.3","1.9","64.9","0.0%","0.0","0.0","-","2018-2019"
"169","Aron Baynes","BOS","32","9","8","100%","0.9","1.6","57.1","64.3","57.1%","0.7","0.9","75.0","42.9%","0.2","0.7","33.3","2018-2019"
"170","Nene","HOU","36","7","5","100%","1.4","1.4","100","100","100%","1.4","1.4","100","0.0%","0.0","0.0","-","2018-2019"
"171","Isaiah Hartenstein","HOU","21","2","1","100%","1.0","1.0","100","100","100%","1.0","1.0","100","0.0%","0.0","0.0","-","2018-2019"
"172","Amir Johnson","PHI","32","4","2","100%","1.0","1.0","100","100","100%","1.0","1.0","100","0.0%","0.0","0.0","-","2018-2019"
"173","Robert Williams III","BOS","21","3","1","100%","0.3","0.7","50.0","50.0","100%","0.3","0.7","50.0","0.0%","0.0","0.0","-","2018-2019"
"174","Ekpe Udoh","UTA","32","2","1","100%","0.0","0.5","0.0","0.0","100%","0.0","0.5","0.0","0.0%","0.0","0.0","-","2018-2019"
"175","Damian Jones","GSW","24","4","1","100%","0.3","0.3","100","100","100%","0.3","0.3","100","0.0%","0.0","0.0","-","2018-2019"
"176","Eric Moreland","TOR","27","8","2","100%","0.1","0.3","50.0","50.0","100%","0.1","0.3","50.0","0.0%","0.0","0.0","-","2018-2019"
"177","Player","Team","Age","GP","G","Freq","FGM","FGA","FG%","eFG%","2FG Freq","2FGM","2FGA","2FG%","3FG Freq","3PM","3PA","3P%","2017-2018"
"178","Anthony Davis","NOP","25","9","9","100%","11.8","22.1","53.3","54.8","88.9%","11.1","19.7","56.5","11.1%","0.7","2.4","27.3","2017-2018"
"179","Joel Embiid","PHI","24","8","8","100%","7.5","15.8","47.6","50.8","77.0%","6.5","12.1","53.6","23.0%","1.0","3.6","27.6","2017-2018"
"180","Kevin Love","CLE","29","21","21","100%","5.2","12.2","42.6","49.6","59.0%","3.5","7.2","48.3","41.0%","1.7","5.0","34.3","2017-2018"
"181","Karl-Anthony Towns","MIN","22","5","5","100%","5.6","10.6","52.8","55.7","79.2%","5.0","8.4","59.5","20.8%","0.6","2.2","27.3","2017-2018"
"182","Al Horford","BOS","32","19","19","100%","5.8","10.4","56.1","59.8","78.3%","5.0","8.2","61.9","21.7%","0.8","2.3","34.9","2017-2018"
"183","Jonas Valanciunas","TOR","26","10","10","100%","5.8","10.0","58.0","59.0","95.0%","5.6","9.5","58.9","5.0%","0.2","0.5","40.0","2017-2018"
"184","Domantas Sabonis","IND","22","7","7","100%","5.1","8.7","59.0","59.8","88.5%","5.0","7.7","64.8","11.5%","0.1","1.0","14.3","2017-2018"
"185","Kelly Olynyk","MIA","27","5","5","100%","4.2","8.4","50.0","59.5","54.8%","2.6","4.6","56.5","45.2%","1.6","3.8","42.1","2017-2018"
"186","Jusuf Nurkic","POR","23","4","4","100%","4.8","8.3","57.6","57.6","100%","4.8","8.3","57.6","0.0%","0.0","0.0","-","2017-2018"
"187","Clint Capela","HOU","24","17","17","100%","5.6","7.9","70.4","70.4","100%","5.6","7.9","70.4","0.0%","0.0","0.0","-","2017-2018"
"188","Myles Turner","IND","22","7","7","100%","4.7","7.4","63.5","69.2","75.0%","3.9","5.6","69.2","25.0%","0.9","1.9","46.2","2017-2018"
"189","Serge Ibaka","TOR","28","10","10","100%","3.0","6.9","43.5","50.0","65.2%","2.1","4.5","46.7","34.8%","0.9","2.4","37.5","2017-2018"
"190","Zach Collins","POR","20","4","4","100%","2.8","6.8","40.7","46.3","48.1%","2.0","3.3","61.5","51.9%","0.8","3.5","21.4","2017-2018"
"191","Rudy Gobert","UTA","26","11","11","100%","5.0","6.5","76.4","76.4","100%","5.0","6.5","76.4","0.0%","0.0","0.0","-","2017-2018"
"192","Steven Adams","OKC","24","6","6","100%","4.5","6.5","69.2","69.2","100%","4.5","6.5","69.2","0.0%","0.0","0.0","-","2017-2018"
"193","John Henson","MIL","27","2","2","100%","4.5","6.5","69.2","69.2","100%","4.5","6.5","69.2","0.0%","0.0","0.0","-","2017-2018"
"194","Derrick Favors","UTA","26","11","11","100%","3.8","5.9","64.6","66.2","92.3%","3.6","5.5","66.7","7.7%","0.2","0.5","40.0","2017-2018"
"195","Marcin Gortat","WAS","34","6","6","100%","4.0","5.8","68.6","68.6","100%","4.0","5.8","68.6","0.0%","0.0","0.0","-","2017-2018"
"196","JaVale McGee","GSW","30","13","13","100%","3.0","4.5","67.2","67.2","98.3%","3.0","4.4","68.4","1.7%","0.0","0.1","0.0","2017-2018"
"197","Thon Maker","MIL","21","6","6","100%","1.8","4.3","42.3","53.8","26.9%","0.8","1.2","71.4","73.1%","1.0","3.2","31.6","2017-2018"
"198","Aron Baynes","BOS","31","19","18","100%","2.4","4.3","55.6","62.3","71.6%","1.8","3.0","58.6","28.4%","0.6","1.2","47.8","2017-2018"
"199","Tristan Thompson","CLE","27","19","16","100%","2.6","4.0","65.3","65.3","98.7%","2.6","3.9","66.2","1.3%","0.0","0.1","0.0","2017-2018"
"200","Hassan Whiteside","MIA","29","5","5","100%","1.8","3.8","47.4","47.4","100%","1.8","3.8","47.4","0.0%","0.0","0.0","-","2017-2018"
"201","Pau Gasol","SAS","37","5","5","100%","2.0","3.6","55.6","58.3","83.3%","1.8","3.0","60.0","16.7%","0.2","0.6","33.3","2017-2018"
"202","Jakob Poeltl","TOR","22","9","9","100%","1.9","3.4","54.8","54.8","96.8%","1.9","3.3","56.7","3.2%","0.0","0.1","0.0","2017-2018"
"203","Gorgui Dieng","MIN","28","5","5","100%","1.2","3.4","35.3","41.2","70.6%","0.8","2.4","33.3","29.4%","0.4","1.0","40.0","2017-2018"
"204","Davis Bertans","SAS","25","5","5","100%","0.6","3.4","17.6","26.5","11.8%","0.0","0.4","0.0","88.2%","0.6","3.0","20.0","2017-2018"
"205","Bam Adebayo","MIA","20","5","5","100%","1.4","2.8","50.0","50.0","100%","1.4","2.8","50.0","0.0%","0.0","0.0","-","2017-2018"
"206","Greg Monroe","BOS","28","11","10","100%","1.7","2.7","63.3","63.3","100%","1.7","2.7","63.3","0.0%","0.0","0.0","-","2017-2018"
"207","Amir Johnson","PHI","31","8","5","100%","1.4","2.5","55.0","55.0","100%","1.4","2.5","55.0","0.0%","0.0","0.0","-","2017-2018"
"208","Ian Mahinmi","WAS","31","6","5","100%","1.7","2.2","76.9","76.9","100%","1.7","2.2","76.9","0.0%","0.0","0.0","-","2017-2018"
"209","Meyers Leonard","POR","26","2","1","100%","2.0","2.0","100","100","100%","2.0","2.0","100","0.0%","0.0","0.0","-","2017-2018"
"210","Tony Bradley","UTA","20","1","1","100%","1.0","2.0","50.0","50.0","100%","1.0","2.0","50.0","0.0%","0.0","0.0","-","2017-2018"
"211","Caleb Swanigan","POR","21","1","1","100%","0.0","2.0","0.0","0.0","50.0%","0.0","1.0","0.0","50.0%","0.0","1.0","0.0","2017-2018"
"212","Ed Davis","POR","29","4","2","100%","1.3","1.8","71.4","71.4","100%","1.3","1.8","71.4","0.0%","0.0","0.0","-","2017-2018"
"213","Jordan Bell","GSW","23","17","13","100%","1.0","1.6","60.7","60.7","96.4%","1.0","1.6","63.0","3.6%","0.0","0.1","0.0","2017-2018"
"214","Nene","HOU","35","11","8","100%","1.1","1.6","66.7","66.7","100%","1.1","1.6","66.7","0.0%","0.0","0.0","-","2017-2018"
"215","Ante Zizic","CLE","21","8","6","100%","0.6","1.1","55.6","55.6","100%","0.6","1.1","55.6","0.0%","0.0","0.0","-","2017-2018"
"216","Joffrey Lauvergne","SAS","26","1","1","100%","1.0","1.0","100","100","100%","1.0","1.0","100","0.0%","0.0","0.0","-","2017-2018"
"217","Zaza Pachulia","GSW","34","7","4","100%","0.6","1.0","57.1","57.1","100%","0.6","1.0","57.1","0.0%","0.0","0.0","-","2017-2018"
"218","Emeka Okafor","NOP","35","1","1","100%","0.0","1.0","0.0","0.0","100%","0.0","1.0","0.0","0.0%","0.0","0.0","-","2017-2018"
"219","Tyler Zeller","MIL","28","7","4","100%","0.6","0.7","80.0","80.0","100%","0.6","0.7","80.0","0.0%","0.0","0.0","-","2017-2018"
"220","Damian Jones","GSW","23","4","2","100%","0.3","0.5","50.0","50.0","100%","0.3","0.5","50.0","0.0%","0.0","0.0","-","2017-2018"
"221","Tarik Black","HOU","26","7","2","100%","0.1","0.4","33.3","33.3","100%","0.1","0.4","33.3","0.0%","0.0","0.0","-","2017-2018"
"222","Zhou Qi","HOU","22","3","1","100%","0.3","0.3","100","100","100%","0.3","0.3","100","0.0%","0.0","0.0","-","2017-2018"
"223","Richaun Holmes","PHI","24","3","1","100%","0.0","0.3","0.0","0.0","100%","0.0","0.3","0.0","0.0%","0.0","0.0","-","2017-2018"
"224","Ekpe Udoh","UTA","31","6","1","100%","0.2","0.2","100","100","100%","0.2","0.2","100","0.0%","0.0","0.0","-","2017-2018"
"225","Player","Team","Age","GP","G","Freq","FGM","FGA","FG%","eFG%","2FG Freq","2FGM","2FGA","2FG%","3FG Freq","3PM","3PA","3P%","2016-2017"
"226","Marc Gasol","MEM","32","6","6","100%","6.5","13.5","48.1","52.5","85.2%","5.3","11.5","46.4","14.8%","1.2","2.0","58.3","2016-2017"
"227","Al Horford","BOS","31","18","18","100%","6.2","10.1","61.3","68.8","71.3%","4.7","7.2","65.1","28.7%","1.5","2.9","51.9","2016-2017"
"228","Myles Turner","IND","21","4","4","100%","4.8","10.0","47.5","47.5","85.0%","4.8","8.5","55.9","15.0%","0.0","1.5","0.0","2016-2017"
"229","Robin Lopez","CHI","29","6","6","100%","5.7","8.5","66.7","66.7","100%","5.7","8.5","66.7","0.0%","0.0","0.0","-","2016-2017"
"230","DeAndre Jordan","LAC","28","7","7","100%","6.1","8.4","72.9","72.9","98.3%","6.1","8.3","74.1","1.7%","0.0","0.1","0.0","2016-2017"
"231","Greg Monroe","MIL","27","6","6","100%","4.5","8.2","55.1","55.1","100%","4.5","8.2","55.1","0.0%","0.0","0.0","-","2016-2017"
"232","Jonas Valanciunas","TOR","25","10","10","100%","4.4","7.7","57.1","57.1","98.7%","4.4","7.6","57.9","1.3%","0.0","0.1","0.0","2016-2017"
"233","Marcin Gortat","WAS","33","13","13","100%","3.6","6.9","52.2","52.2","100%","3.6","6.9","52.2","0.0%","0.0","0.0","-","2016-2017"
"234","Pau Gasol","SAS","36","16","16","100%","3.1","6.7","46.7","49.5","83.2%","2.8","5.6","49.4","16.8%","0.4","1.1","33.3","2016-2017"
"235","Kelly Olynyk","BOS","26","18","18","100%","3.6","6.6","53.8","60.1","60.5%","2.7","4.0","68.1","39.5%","0.8","2.6","31.9","2016-2017"
"236","Rudy Gobert","UTA","25","9","8","100%","4.4","6.6","67.8","67.8","100%","4.4","6.6","67.8","0.0%","0.0","0.0","-","2016-2017"
"237","Clint Capela","HOU","23","11","11","100%","4.2","6.1","68.7","68.7","98.5%","4.2","6.0","69.7","1.5%","0.0","0.1","0.0","2016-2017"
"238","Kevin Seraphin","IND","27","4","4","100%","3.0","5.8","52.2","52.2","100%","3.0","5.8","52.2","0.0%","0.0","0.0","-","2016-2017"
"239","Derrick Favors","UTA","25","11","11","100%","3.3","5.2","63.2","63.2","100%","3.3","5.2","63.2","0.0%","0.0","0.0","-","2016-2017"
"240","Nene","HOU","34","9","9","100%","4.0","5.0","80.0","80.0","97.8%","4.0","4.9","81.8","2.2%","0.0","0.1","0.0","2016-2017"
"241","Steven Adams","OKC","23","5","5","100%","3.6","5.0","72.0","72.0","100%","3.6","5.0","72.0","0.0%","0.0","0.0","-","2016-2017"
"242","Dwight Howard","ATL","31","6","6","100%","3.0","5.0","60.0","60.0","100%","3.0","5.0","60.0","0.0%","0.0","0.0","-","2016-2017"
"243","Marreese Speights","LAC","29","7","7","100%","2.3","5.0","45.7","55.7","42.9%","1.3","2.1","60.0","57.1%","1.0","2.9","35.0","2016-2017"
"244","Enes Freedom","OKC","25","5","5","100%","2.0","4.8","41.7","41.7","100%","2.0","4.8","41.7","0.0%","0.0","0.0","-","2016-2017"
"245","Thon Maker","MIL","20","6","6","100%","2.0","4.7","42.9","46.4","64.3%","1.7","3.0","55.6","35.7%","0.3","1.7","20.0","2016-2017"
"246","Tristan Thompson","CLE","26","18","17","100%","3.0","4.6","65.9","65.9","100%","3.0","4.6","65.9","0.0%","0.0","0.0","-","2016-2017"
"247","Boris Diaw","UTA","35","11","11","100%","2.2","4.1","53.3","60.0","68.9%","1.6","2.8","58.1","31.1%","0.6","1.3","42.9","2016-2017"
"248","Zaza Pachulia","GSW","33","15","15","100%","2.1","3.8","56.1","56.1","98.2%","2.1","3.7","57.1","1.8%","0.0","0.1","0.0","2016-2017"
"249","Joffrey Lauvergne","CHI","25","3","3","100%","1.3","3.3","40.0","40.0","80.0%","1.3","2.7","50.0","20.0%","0.0","0.7","0.0","2016-2017"
"250","JaVale McGee","GSW","29","16","14","100%","2.6","3.1","82.0","82.0","100%","2.6","3.1","82.0","0.0%","0.0","0.0","-","2016-2017"
"251","Jusuf Nurkic","POR","22","1","1","100%","1.0","3.0","33.3","33.3","66.7%","1.0","2.0","50.0","33.3%","0.0","1.0","0.0","2016-2017"
"252","Jason Smith","WAS","31","13","12","100%","1.5","2.8","52.8","56.9","72.2%","1.2","2.0","61.5","27.8%","0.2","0.8","30.0","2016-2017"
"253","Mike Muscala","ATL","25","6","5","100%","0.8","2.7","31.3","31.3","75.0%","0.8","2.0","41.7","25.0%","0.0","0.7","0.0","2016-2017"
"254","David Lee","SAS","34","15","13","100%","1.7","2.5","65.8","65.8","97.4%","1.7","2.5","67.6","2.6%","0.0","0.1","0.0","2016-2017"
"255","Cristiano Felicio","CHI","24","6","5","100%","1.5","2.5","60.0","60.0","100%","1.5","2.5","60.0","0.0%","0.0","0.0","-","2016-2017"
"256","Tyler Zeller","BOS","27","11","9","100%","1.2","2.1","56.5","56.5","100%","1.2","2.1","56.5","0.0%","0.0","0.0","-","2016-2017"
"257","Dewayne Dedmon","SAS","27","12","8","100%","1.2","1.9","60.9","60.9","100%","1.2","1.9","60.9","0.0%","0.0","0.0","-","2016-2017"
"258","Meyers Leonard","POR","25","3","2","100%","0.3","1.7","20.0","20.0","20.0%","0.3","0.3","100","80.0%","0.0","1.3","0.0","2016-2017"
"259","Ian Mahinmi","WAS","30","5","4","100%","1.0","1.6","62.5","62.5","100%","1.0","1.6","62.5","0.0%","0.0","0.0","-","2016-2017"
"260","Jakob Poeltl","TOR","21","6","4","100%","0.8","1.5","55.6","55.6","100%","0.8","1.5","55.6","0.0%","0.0","0.0","-","2016-2017"
"261","Damian Jones","GSW","22","4","3","100%","0.8","1.5","50.0","50.0","100%","0.8","1.5","50.0","0.0%","0.0","0.0","-","2016-2017"
"262","John Henson","MIL","26","2","2","100%","0.5","1.5","33.3","33.3","100%","0.5","1.5","33.3","0.0%","0.0","0.0","-","2016-2017"
"263","Joel Anthony","SAS","34","3","1","100%","1.0","1.3","75.0","75.0","100%","1.0","1.3","75.0","0.0%","0.0","0.0","-","2016-2017"
"264","Spencer Hawes","MIL","29","3","2","100%","0.7","1.3","50.0","62.5","50.0%","0.3","0.7","50.0","50.0%","0.3","0.7","50.0","2016-2017"
"265","Jeff Withey","UTA","27","3","2","100%","0.7","1.3","50.0","50.0","100%","0.7","1.3","50.0","0.0%","0.0","0.0","-","2016-2017"
"266","Lucas Nogueira","TOR","24","3","2","100%","0.3","0.7","50.0","50.0","100%","0.3","0.7","50.0","0.0%","0.0","0.0","-","2016-2017"
"267","Player","Team","Age","GP","G","Freq","FGM","FGA","FG%","eFG%","2FG Freq","2FGM","2FGA","2FG%","3FG Freq","3PM","3PA","3P%","2015-2016"
"268","Andre Drummond","DET","22","4","4","100%","7.0","13.3","52.8","52.8","98.1%","7.0","13.0","53.8","1.9%","0.0","0.3","0.0","2015-2016"
"269","Al Horford","ATL","30","10","10","100%","5.4","11.3","47.8","52.7","75.2%","4.3","8.5","50.6","24.8%","1.1","2.8","39.3","2015-2016"
"270","Al Jefferson","CHA","31","7","7","100%","6.0","10.9","55.3","55.3","100%","6.0","10.9","55.3","0.0%","0.0","0.0","-","2015-2016"
"271","Myles Turner","IND","20","7","7","100%","4.7","9.9","47.8","47.8","97.1%","4.7","9.6","49.3","2.9%","0.0","0.3","0.0","2015-2016"
"272","Jonas Valanciunas","TOR","24","12","12","100%","5.7","9.4","60.2","60.2","100%","5.7","9.4","60.2","0.0%","0.0","0.0","-","2015-2016"
"273","Dwight Howard","HOU","30","5","5","100%","5.2","8.8","59.1","59.1","97.7%","5.2","8.6","60.5","2.3%","0.0","0.2","0.0","2015-2016"
"274","Donatas Motiejunas","HOU","25","5","5","100%","3.2","7.0","45.7","51.4","74.3%","2.4","5.2","46.2","25.7%","0.8","1.8","44.4","2015-2016"
"275","Frank Kaminsky","CHA","23","7","6","100%","2.0","6.4","31.1","36.7","62.2%","1.3","4.0","32.1","37.8%","0.7","2.4","29.4","2015-2016"
"276","Hassan Whiteside","MIA","27","10","10","100%","4.7","6.4","73.4","73.4","100%","4.7","6.4","73.4","0.0%","0.0","0.0","-","2015-2016"
"277","Jared Sullinger","BOS","24","6","6","100%","2.2","6.3","34.2","36.8","89.5%","1.8","5.7","32.4","10.5%","0.3","0.7","50.0","2015-2016"
"278","DeAndre Jordan","LAC","27","6","6","100%","4.0","6.2","64.9","64.9","100%","4.0","6.2","64.9","0.0%","0.0","0.0","-","2015-2016"
"279","Enes Freedom","OKC","24","18","18","100%","3.6","6.0","60.2","61.1","87.0%","3.5","5.2","67.0","13.0%","0.1","0.8","14.3","2015-2016"
"280","Ian Mahinmi","IND","29","7","7","100%","3.0","5.9","51.2","51.2","100%","3.0","5.9","51.2","0.0%","0.0","0.0","-","2015-2016"
"281","Steven Adams","OKC","22","18","17","100%","3.8","5.3","70.8","70.8","99.0%","3.8","5.3","71.6","1.0%","0.0","0.1","0.0","2015-2016"
"282","Mason Plumlee","POR","26","11","11","100%","2.5","5.3","48.3","48.3","100%","2.5","5.3","48.3","0.0%","0.0","0.0","-","2015-2016"
"283","Cody Zeller","CHA","23","7","7","100%","3.0","5.1","58.3","58.3","100%","3.0","5.1","58.3","0.0%","0.0","0.0","-","2015-2016"
"284","Tyler Zeller","BOS","26","3","3","100%","2.3","5.0","46.7","46.7","100%","2.3","5.0","46.7","0.0%","0.0","0.0","-","2015-2016"
"285","Marreese Speights","GSW","28","24","23","100%","1.9","4.8","40.4","48.2","62.3%","1.2","3.0","39.4","37.7%","0.8","1.8","41.9","2015-2016"
"286","Boris Diaw","SAS","34","9","9","100%","2.3","4.7","50.0","52.4","88.1%","2.1","4.1","51.4","11.9%","0.2","0.6","40.0","2015-2016"
"287","Dwight Powell","DAL","24","4","4","100%","2.3","4.5","50.0","50.0","94.4%","2.3","4.3","52.9","5.6%","0.0","0.3","0.0","2015-2016"
"288","Tim Duncan","SAS","40","10","8","100%","2.2","4.4","50.0","50.0","100%","2.2","4.4","50.0","0.0%","0.0","0.0","-","2015-2016"
"289","Zaza Pachulia","DAL","32","5","5","100%","1.8","4.4","40.9","40.9","100%","1.8","4.4","40.9","0.0%","0.0","0.0","-","2015-2016"
"290","Chris Kaman","POR","34","4","4","100%","1.8","4.3","41.2","41.2","100%","1.8","4.3","41.2","0.0%","0.0","0.0","-","2015-2016"
"291","David Lee","DAL","33","2","2","100%","3.0","4.0","75.0","75.0","100%","3.0","4.0","75.0","0.0%","0.0","0.0","-","2015-2016"
"292","Tristan Thompson","CLE","25","21","19","100%","2.3","3.7","62.8","62.8","100%","2.3","3.7","62.8","0.0%","0.0","0.0","-","2015-2016"
"293","Andrew Bogut","GSW","31","22","19","100%","2.2","3.2","67.6","67.6","97.2%","2.2","3.1","69.6","2.8%","0.0","0.1","0.0","2015-2016"
"294","Bismack Biyombo","TOR","23","20","17","100%","2.0","3.1","64.5","64.5","100%","2.0","3.1","64.5","0.0%","0.0","0.0","-","2015-2016"
"295","Ed Davis","POR","27","11","11","100%","1.9","3.1","61.8","61.8","94.1%","1.9","2.9","65.6","5.9%","0.0","0.2","0.0","2015-2016"
"296","Chris Andersen","MEM","37","4","4","100%","1.3","3.0","41.7","41.7","100%","1.3","3.0","41.7","0.0%","0.0","0.0","-","2015-2016"
"297","Festus Ezeli","GSW","26","23","20","100%","1.6","2.6","62.7","62.7","100%","1.6","2.6","62.7","0.0%","0.0","0.0","-","2015-2016"
"298","Cole Aldrich","LAC","27","6","4","100%","1.7","2.5","66.7","66.7","100%","1.7","2.5","66.7","0.0%","0.0","0.0","-","2015-2016"
"299","Spencer Hawes","CHA","28","5","5","100%","1.2","2.4","50.0","54.2","66.7%","1.0","1.6","62.5","33.3%","0.2","0.8","25.0","2015-2016"
"300","Salah Mejri","DAL","30","4","3","100%","1.8","2.3","77.8","77.8","100%","1.8","2.3","77.8","0.0%","0.0","0.0","-","2015-2016"
"301","Amar'e Stoudemire","MIA","33","9","8","100%","1.2","2.1","57.9","57.9","100%","1.2","2.1","57.9","0.0%","0.0","0.0","-","2015-2016"
"302","Mike Muscala","ATL","24","9","6","100%","1.1","2.1","52.6","57.9","68.4%","0.9","1.4","61.5","31.6%","0.2","0.7","33.3","2015-2016"
"303","Aron Baynes","DET","29","4","4","100%","1.0","1.8","57.1","57.1","100%","1.0","1.8","57.1","0.0%","0.0","0.0","-","2015-2016"
"304","Kelly Olynyk","BOS","25","4","4","100%","0.3","1.8","14.3","14.3","57.1%","0.3","1.0","25.0","42.9%","0.0","0.8","0.0","2015-2016"
"305","Boban Marjanovic","SAS","27","7","5","100%","1.1","1.7","66.7","66.7","100%","1.1","1.7","66.7","0.0%","0.0","0.0","-","2015-2016"
"306","Clint Capela","HOU","22","5","5","100%","0.6","1.6","37.5","37.5","100%","0.6","1.6","37.5","0.0%","0.0","0.0","-","2015-2016"
"307","Lavoy Allen","IND","27","6","3","100%","0.5","1.3","37.5","37.5","100%","0.5","1.3","37.5","0.0%","0.0","0.0","-","2015-2016"
"308","Timofey Mozgov","CLE","29","13","9","100%","0.5","1.1","40.0","40.0","100%","0.5","1.1","40.0","0.0%","0.0","0.0","-","2015-2016"
"309","JaVale McGee","DAL","28","2","2","100%","0.5","1.0","50.0","50.0","100%","0.5","1.0","50.0","0.0%","0.0","0.0","-","2015-2016"
"310","Jason Thompson","TOR","29","10","6","100%","0.4","0.9","44.4","44.4","88.9%","0.4","0.8","50.0","11.1%","0.0","0.1","0.0","2015-2016"
"311","Lucas Nogueira","TOR","23","5","4","100%","0.6","0.8","75.0","75.0","100%","0.6","0.8","75.0","0.0%","0.0","0.0","-","2015-2016"
"312","Jordan Hill","IND","28","5","3","100%","0.0","0.6","0.0","0.0","100%","0.0","0.6","0.0","0.0%","0.0","0.0","-","2015-2016"
"313","Jeff Ayres","LAC","29","2","1","100%","0.5","0.5","100","100","100%","0.5","0.5","100","0.0%","0.0","0.0","-","2015-2016"
"314","Nazr Mohammed","OKC","38","5","2","100%","0.2","0.4","50.0","50.0","100%","0.2","0.4","50.0","0.0%","0.0","0.0","-","2015-2016"
"315","Player","Team","Age","GP","G","Freq","FGM","FGA","FG%","eFG%","2FG Freq","2FGM","2FGA","2FG%","3FG Freq","3PM","3PA","3P%","2014-2015"
"316","Anthony Davis","NOP","22","4","4","100%","11.8","20.8","56.6","56.6","97.6%","11.8","20.3","58.0","2.4%","0.0","0.5","0.0","2014-2015"
"317","Marc Gasol","MEM","30","11","11","100%","6.5","15.4","41.8","41.8","98.8%","6.5","15.3","42.3","1.2%","0.0","0.2","0.0","2014-2015"
"318","Brook Lopez","BKN","27","6","6","100%","7.2","13.5","53.1","53.1","100%","7.2","13.5","53.1","0.0%","0.0","0.0","-","2014-2015"
"319","Al Horford","ATL","29","16","16","100%","6.7","12.8","52.5","52.9","95.6%","6.6","12.2","53.8","4.4%","0.1","0.6","22.2","2014-2015"
"320","Pau Gasol","CHI","34","10","10","100%","5.6","11.0","50.9","50.9","96.4%","5.6","10.6","52.8","3.6%","0.0","0.4","0.0","2014-2015"
"321","Boris Diaw","SAS","33","7","7","100%","4.9","10.0","48.6","51.4","74.3%","4.3","7.4","57.7","25.7%","0.6","2.6","22.2","2014-2015"
"322","Dwight Howard","HOU","29","17","17","100%","6.2","9.8","63.3","63.3","100%","6.2","9.8","63.3","0.0%","0.0","0.0","-","2014-2015"
"323","Jonas Valanciunas","TOR","23","4","4","100%","4.8","8.8","54.3","54.3","100%","4.8","8.8","54.3","0.0%","0.0","0.0","-","2014-2015"
"324","Marcin Gortat","WAS","31","10","10","100%","5.4","8.2","65.9","65.9","100%","5.4","8.2","65.9","0.0%","0.0","0.0","-","2014-2015"
"325","Miles Plumlee","MIL","26","1","1","100%","1.0","8.0","12.5","12.5","100%","1.0","8.0","12.5","0.0%","0.0","0.0","-","2014-2015"
"326","Nene","WAS","32","10","10","100%","3.4","6.9","49.3","49.3","100%","3.4","6.9","49.3","0.0%","0.0","0.0","-","2014-2015"
"327","Tyler Zeller","BOS","25","4","4","100%","3.8","6.5","57.7","57.7","100%","3.8","6.5","57.7","0.0%","0.0","0.0","-","2014-2015"
"328","Timofey Mozgov","CLE","28","20","20","100%","3.7","6.5","56.9","56.9","100%","3.7","6.5","56.9","0.0%","0.0","0.0","-","2014-2015"
"329","John Henson","MIL","24","6","6","100%","4.0","6.2","64.9","64.9","97.3%","4.0","6.0","66.7","2.7%","0.0","0.2","0.0","2014-2015"
"330","Tristan Thompson","CLE","24","20","19","100%","3.6","6.0","59.5","59.5","100%","3.6","6.0","59.5","0.0%","0.0","0.0","-","2014-2015"
"331","Amar'e Stoudemire","DAL","32","5","5","100%","3.0","6.0","50.0","50.0","100%","3.0","6.0","50.0","0.0%","0.0","0.0","-","2014-2015"
"332","Joakim Noah","CHI","30","12","12","100%","2.6","5.6","46.3","46.3","100%","2.6","5.6","46.3","0.0%","0.0","0.0","-","2014-2015"
"333","DeAndre Jordan","LAC","26","14","14","100%","4.1","5.6","74.4","74.4","100%","4.1","5.6","74.4","0.0%","0.0","0.0","-","2014-2015"
"334","Zaza Pachulia","MIL","31","6","6","100%","2.7","5.5","48.5","48.5","100%","2.7","5.5","48.5","0.0%","0.0","0.0","-","2014-2015"
"335","Tyson Chandler","DAL","32","5","5","100%","3.8","5.2","73.1","73.1","100%","3.8","5.2","73.1","0.0%","0.0","0.0","-","2014-2015"
"336","Kevin Seraphin","WAS","25","6","6","100%","2.5","5.0","50.0","50.0","100%","2.5","5.0","50.0","0.0%","0.0","0.0","-","2014-2015"
"337","Meyers Leonard","POR","23","5","4","100%","2.8","4.0","70.0","95.0","35.0%","0.8","1.4","57.1","65.0%","2.0","2.6","76.9","2014-2015"
"338","Andrew Bogut","GSW","30","19","17","100%","2.2","3.6","60.9","60.9","98.6%","2.2","3.6","61.8","1.4%","0.0","0.1","0.0","2014-2015"
"339","Marreese Speights","GSW","27","10","9","100%","1.4","3.6","38.9","38.9","100%","1.4","3.6","38.9","0.0%","0.0","0.0","-","2014-2015"
"340","Brandon Bass","BOS","30","4","4","100%","1.8","3.5","50.0","50.0","100%","1.8","3.5","50.0","0.0%","0.0","0.0","-","2014-2015"
"341","Mike Muscala","ATL","23","10","10","100%","2.0","3.2","62.5","65.6","75.0%","1.8","2.4","75.0","25.0%","0.2","0.8","25.0","2014-2015"
"342","Pero Antic","ATL","32","15","13","100%","1.1","3.1","34.0","45.7","31.9%","0.3","1.0","33.3","68.1%","0.7","2.1","34.4","2014-2015"
"343","Kelly Olynyk","BOS","24","4","3","100%","1.8","3.0","58.3","70.8","50.0%","1.0","1.5","66.7","50.0%","0.8","1.5","50.0","2014-2015"
"344","David Lee","GSW","32","13","11","100%","1.2","2.9","42.1","42.1","100%","1.2","2.9","42.1","0.0%","0.0","0.0","-","2014-2015"
"345","Robin Lopez","POR","27","5","5","100%","1.8","2.8","64.3","64.3","100%","1.8","2.8","64.3","0.0%","0.0","0.0","-","2014-2015"
"346","Kosta Koufos","MEM","26","11","10","100%","1.6","2.7","56.7","56.7","100%","1.6","2.7","56.7","0.0%","0.0","0.0","-","2014-2015"
"347","Tiago Splitter","SAS","30","7","7","100%","1.3","2.4","52.9","52.9","100%","1.3","2.4","52.9","0.0%","0.0","0.0","-","2014-2015"
"348","Chris Kaman","POR","33","3","2","100%","1.3","2.3","57.1","57.1","100%","1.3","2.3","57.1","0.0%","0.0","0.0","-","2014-2015"
"349","Nazr Mohammed","CHI","37","3","3","100%","0.7","2.3","28.6","28.6","85.7%","0.7","2.0","33.3","14.3%","0.0","0.3","0.0","2014-2015"
"350","Glen Davis","LAC","29","14","14","100%","1.2","2.1","56.7","56.7","96.7%","1.2","2.1","58.6","3.3%","0.0","0.1","0.0","2014-2015"
"351","Spencer Hawes","LAC","27","8","5","100%","1.1","2.1","52.9","61.8","64.7%","0.8","1.4","54.5","35.3%","0.4","0.8","50.0","2014-2015"
"352","Greg Stiemsma","TOR","29","1","1","100%","2.0","2.0","100","100","100%","2.0","2.0","100","0.0%","0.0","0.0","-","2014-2015"
"353","Aron Baynes","SAS","28","4","3","100%","0.8","2.0","37.5","37.5","100%","0.8","2.0","37.5","0.0%","0.0","0.0","-","2014-2015"
"354","Jerome Jordan","BKN","28","1","1","100%","0.0","2.0","0.0","0.0","100%","0.0","2.0","0.0","0.0%","0.0","0.0","-","2014-2015"
"355","Festus Ezeli","GSW","25","20","14","100%","1.4","1.9","69.2","69.2","100%","1.4","1.9","69.2","0.0%","0.0","0.0","-","2014-2015"
"356","Omer Asik","NOP","28","4","4","100%","0.5","1.8","28.6","28.6","100%","0.5","1.8","28.6","0.0%","0.0","0.0","-","2014-2015"
"357","Clint Capela","HOU","21","17","12","100%","1.2","1.7","72.4","72.4","100%","1.2","1.7","72.4","0.0%","0.0","0.0","-","2014-2015"
"358","Matt Bonner","SAS","35","7","4","100%","0.3","1.4","20.0","30.0","10.0%","0.0","0.1","0.0","90.0%","0.3","1.3","22.2","2014-2015"
"359","Alexis Ajinca","NOP","27","3","2","100%","1.3","1.3","100","100","100%","1.3","1.3","100","0.0%","0.0","0.0","-","2014-2015"
"360","Brendan Haywood","CLE","35","1","1","100%","0.0","1.0","0.0","0.0","100%","0.0","1.0","0.0","0.0%","0.0","0.0","-","2014-2015"
"361","Kendrick Perkins","CLE","30","8","4","100%","0.3","0.9","28.6","28.6","100%","0.3","0.9","28.6","0.0%","0.0","0.0","-","2014-2015"
"362","Mason Plumlee","BKN","25","6","2","100%","0.7","0.8","80.0","80.0","100%","0.7","0.8","80.0","0.0%","0.0","0.0","-","2014-2015"
"363","Tyler Hansbrough","TOR","29","4","1","100%","0.3","0.5","50.0","50.0","100%","0.3","0.5","50.0","0.0%","0.0","0.0","-","2014-2015"
"364","Joey Dorsey","HOU","31","6","2","100%","0.0","0.3","0.0","0.0","100%","0.0","0.3","0.0","0.0%","0.0","0.0","-","2014-2015"
"365","Elton Brand","ATL","36","3","1","100%","0.0","0.3","0.0","0.0","100%","0.0","0.3","0.0","0.0%","0.0","0.0","-","2014-2015"
"366","Player","Team","Age","GP","G","Freq","FGM","FGA","FG%","eFG%","2FG Freq","2FGM","2FGA","2FG%","3FG Freq","3PM","3PA","3P%","2013-2014"
"367","Al Jefferson","CHA","29","3","3","100%","8.7","17.0","51.0","51.0","100%","8.7","17.0","51.0","0.0%","0.0","0.0","-","2013-2014"
"368","Dwight Howard","HOU","28","6","6","100%","9.7","15.5","62.4","62.4","100%","9.7","15.5","62.4","0.0%","0.0","0.0","-","2013-2014"
"369","Marc Gasol","MEM","29","7","7","100%","6.7","15.4","43.5","43.5","99.1%","6.7","15.3","43.9","0.9%","0.0","0.1","0.0","2013-2014"
"370","Nene","WAS","31","10","10","100%","6.4","13.0","49.2","49.2","100%","6.4","13.0","49.2","0.0%","0.0","0.0","-","2013-2014"
"371","Chris Bosh","MIA","30","20","20","100%","5.8","11.3","51.6","58.2","67.1%","4.3","7.5","57.0","32.9%","1.5","3.7","40.5","2013-2014"
"372","Taj Gibson","CHI","29","5","5","100%","6.4","10.4","61.5","61.5","100%","6.4","10.4","61.5","0.0%","0.0","0.0","-","2013-2014"
"373","Marcin Gortat","WAS","30","11","11","100%","5.3","10.2","51.8","51.8","100%","5.3","10.2","51.8","0.0%","0.0","0.0","-","2013-2014"
"374","Serge Ibaka","OKC","24","17","17","100%","5.1","8.3","61.3","63.0","91.5%","4.8","7.7","63.1","8.5%","0.3","0.7","41.7","2013-2014"
"375","Joakim Noah","CHI","29","5","5","100%","4.2","7.6","55.3","55.3","100%","4.2","7.6","55.3","0.0%","0.0","0.0","-","2013-2014"
"376","Robin Lopez","POR","26","11","11","100%","3.9","7.3","53.8","53.8","100%","3.9","7.3","53.8","0.0%","0.0","0.0","-","2013-2014"
"377","Roy Hibbert","IND","27","19","19","100%","3.5","6.9","50.4","50.4","99.2%","3.5","6.8","50.8","0.8%","0.0","0.1","0.0","2013-2014"
"378","Jonas Valanciunas","TOR","22","7","7","100%","4.4","6.7","66.0","66.0","100%","4.4","6.7","66.0","0.0%","0.0","0.0","-","2013-2014"
"379","Pero Antic","ATL","31","7","7","100%","1.0","5.4","18.4","22.4","34.2%","0.6","1.9","30.8","65.8%","0.4","3.6","12.0","2013-2014"
"380","Kevin Garnett","BKN","38","12","12","100%","2.8","5.1","54.1","54.1","96.7%","2.8","4.9","55.9","3.3%","0.0","0.2","0.0","2013-2014"
"381","Marreese Speights","GSW","26","7","7","100%","2.7","4.9","55.9","55.9","100%","2.7","4.9","55.9","0.0%","0.0","0.0","-","2013-2014"
"382","DeAndre Jordan","LAC","25","13","13","100%","3.5","4.7","75.4","75.4","100%","3.5","4.7","75.4","0.0%","0.0","0.0","-","2013-2014"
"383","Omer Asik","HOU","27","6","6","100%","2.7","4.3","61.5","61.5","100%","2.7","4.3","61.5","0.0%","0.0","0.0","-","2013-2014"
"384","Andray Blatche","BKN","27","12","10","100%","2.2","4.3","50.0","50.0","96.2%","2.2","4.2","52.0","3.8%","0.0","0.2","0.0","2013-2014"
"385","Jermaine O'Neal","GSW","35","7","6","100%","2.6","4.3","60.0","60.0","100%","2.6","4.3","60.0","0.0%","0.0","0.0","-","2013-2014"
"386","DeJuan Blair","DAL","25","6","5","100%","2.7","4.2","64.0","64.0","100%","2.7","4.2","64.0","0.0%","0.0","0.0","-","2013-2014"
"387","Tiago Splitter","SAS","29","23","21","100%","2.6","3.9","68.5","68.5","98.9%","2.6","3.8","69.3","1.1%","0.0","0.0","0.0","2013-2014"
"388","Chris Andersen","MIA","35","18","16","100%","1.8","2.7","67.3","67.3","98.0%","1.8","2.7","68.8","2.0%","0.0","0.1","0.0","2013-2014"
"389","Glen Davis","LAC","28","13","13","100%","1.9","2.7","71.4","71.4","100%","1.9","2.7","71.4","0.0%","0.0","0.0","-","2013-2014"
"390","Samuel Dalembert","DAL","34","7","7","100%","1.6","2.6","61.1","61.1","100%","1.6","2.6","61.1","0.0%","0.0","0.0","-","2013-2014"
"391","Steven Adams","OKC","20","18","13","100%","1.7","2.4","72.1","72.1","100%","1.7","2.4","72.1","0.0%","0.0","0.0","-","2013-2014"
"392","Kendrick Perkins","OKC","29","19","17","100%","1.3","2.1","60.0","60.0","100%","1.3","2.1","60.0","0.0%","0.0","0.0","-","2013-2014"
"393","Kosta Koufos","MEM","25","7","5","100%","1.0","2.0","50.0","50.0","100%","1.0","2.0","50.0","0.0%","0.0","0.0","-","2013-2014"
"394","Bismack Biyombo","CHA","21","3","1","100%","1.0","1.7","60.0","60.0","100%","1.0","1.7","60.0","0.0%","0.0","0.0","-","2013-2014"
"395","Aron Baynes","SAS","27","14","9","100%","0.9","1.6","54.5","54.5","95.5%","0.9","1.5","57.1","4.5%","0.0","0.1","0.0","2013-2014"
"396","Cody Zeller","CHA","21","4","3","100%","0.8","1.5","50.0","50.0","100%","0.8","1.5","50.0","0.0%","0.0","0.0","-","2013-2014"
"397","Nick Collison","OKC","33","17","13","100%","0.7","1.4","50.0","54.2","83.3%","0.6","1.2","50.0","16.7%","0.1","0.2","50.0","2013-2014"
"398","Ian Mahinmi","IND","27","19","12","100%","0.7","1.3","54.2","54.2","100%","0.7","1.3","54.2","0.0%","0.0","0.0","-","2013-2014"
"399","Hilton Armstrong","GSW","29","7","3","100%","0.6","1.1","50.0","50.0","87.5%","0.6","1.0","57.1","12.5%","0.0","0.1","0.0","2013-2014"
"400","Mason Plumlee","BKN","24","10","7","100%","0.7","1.1","63.6","63.6","100%","0.7","1.1","63.6","0.0%","0.0","0.0","-","2013-2014"
"401","Lavoy Allen","IND","25","4","3","100%","0.5","1.0","50.0","50.0","100%","0.5","1.0","50.0","0.0%","0.0","0.0","-","2013-2014"
"402","Mike Muscala","ATL","22","2","1","100%","0.0","1.0","0.0","0.0","100%","0.0","1.0","0.0","0.0%","0.0","0.0","-","2013-2014"
"403","Matt Bonner","SAS","34","22","9","100%","0.5","0.9","50.0","60.0","45.0%","0.3","0.4","66.7","55.0%","0.2","0.5","36.4","2013-2014"
"404","Ryan Hollins","LAC","29","5","3","100%","0.2","0.8","25.0","25.0","100%","0.2","0.8","25.0","0.0%","0.0","0.0","-","2013-2014"
"405","Jeff Ayres","SAS","27","17","9","100%","0.3","0.8","46.2","46.2","100%","0.3","0.8","46.2","0.0%","0.0","0.0","-","2013-2014"
"406","Tyler Hansbrough","TOR","28","3","1","100%","0.3","0.7","50.0","50.0","100%","0.3","0.7","50.0","0.0%","0.0","0.0","-","2013-2014"
"407","Kevin Seraphin","WAS","24","4","2","100%","0.0","0.5","0.0","0.0","100%","0.0","0.5","0.0","0.0%","0.0","0.0","-","2013-2014"
"408","Meyers Leonard","POR","22","4","1","100%","0.0","0.5","0.0","0.0","100%","0.0","0.5","0.0","0.0%","0.0","0.0","-","2013-2014"
"409","Nazr Mohammed","CHI","36","2","1","100%","0.0","0.5","0.0","0.0","100%","0.0","0.5","0.0","0.0%","0.0","0.0","-","2013-2014"
"410","Joel Freeland","POR","27","9","2","100%","0.0","0.3","0.0","0.0","100%","0.0","0.3","0.0","0.0%","0.0","0.0","-","2013-2014"
